,Fecha,Superior,Regular,Diesel,Gas Licuado De Petr√≥leo
0,2025-01-01 00:00:00,28.95,27.45,25.47,110.0
1,2025-01-02 00:00:00,28.95,27.45,25.47,110.0
2,2025-01-03 00:00:00,28.95,27.45,25.47,110.0
3,2025-01-04 00:00:00,28.95,27.45,25.47,110.0
4,2025-01-05 00:00:00,28.95,27.45,25.47,110.0
5,2025-01-06 00:00:00,29.56,28.05,26.18,110.0
6,2025-01-07 00:00:00,29.56,28.05,26.18,110.0
7,2025-01-08 00:00:00,29.56,28.05,26.18,110.0
8,2025-01-09 00:00:00,29.56,28.05,26.18,110.0
9,2025-01-10 00:00:00,29.56,28.05,26.18,110.0
10,2025-01-11 00:00:00,29.56,28.05,26.18,110.0
11,2025-01-12 00:00:00,29.56,28.05,26.18,110.0
12,2025-01-13 00:00:00,30.14,28.63,26.75,110.0
13,2025-01-14 00:00:00,30.14,28.63,26.75,110.0
14,2025-01-15 00:00:00,30.14,28.63,26.75,110.0
15,2025-01-16 00:00:00,30.14,28.63,26.75,110.0
16,2025-01-17 00:00:00,30.14,28.63,26.75,110.0
17,2025-01-18 00:00:00,30.14,28.63,26.75,110.0
18,2025-01-19 00:00:00,30.14,28.63,26.75,110.0
19,2025-01-20 00:00:00,30.63,29.12,27.74,110.0
20,2025-01-21 00:00:00,30.63,29.12,27.74,110.0
21,2025-01-22 00:00:00,30.63,29.12,27.74,110.0
22,2025-01-23 00:00:00,30.63,29.12,27.74,110.0
23,2025-01-24 00:00:00,30.63,29.12,27.74,110.0
24,2025-01-25 00:00:00,30.63,29.12,27.74,110.0
25,2025-01-26 00:00:00,30.63,29.12,27.74,110.0
26,2025-01-27 00:00:00,30.61,29.11,27.73,110.0
27,2025-01-28 00:00:00,30.61,29.11,27.73,110.0
28,2025-01-29 00:00:00,30.61,29.11,27.73,110.0
29,2025-01-30 00:00:00,30.61,29.11,27.73,110.0
30,2025-01-31 00:00:00,30.61,29.11,27.73,110.0
31,2025-02-01 00:00:00,30.61,29.11,27.73,110.0
32,2025-02-02 00:00:00,30.61,29.11,27.73,110.0
33,2025-02-03 00:00:00,30.67,28.18,27.79,113.5
34,2025-02-04 00:00:00,30.67,28.18,27.79,117.0
35,2025-02-05 00:00:00,30.67,28.18,27.79,117.0
36,2025-02-06 00:00:00,30.67,28.18,27.79,117.0
37,2025-02-07 00:00:00,30.67,28.18,27.79,117.0
38,2025-02-08 00:00:00,30.67,28.18,27.79,117.0
39,2025-02-09 00:00:00,30.67,28.18,27.79,117.0
40,2025-02-10 00:00:00,30.17,28.66,27.02,117.0
41,2025-02-11 00:00:00,30.17,28.66,27.02,117.0
42,2025-02-12 00:00:00,30.17,28.66,27.02,117.0
43,2025-02-13 00:00:00,30.17,28.66,27.02,117.0
44,2025-02-14 00:00:00,30.17,28.66,27.02,117.0
45,2025-02-15 00:00:00,30.17,28.66,27.02,117.0
46,2025-02-16 00:00:00,30.17,28.66,27.02,117.0
47,2025-02-17 00:00:00,30.69,29.18,27.58,118.5
48,2025-02-18 00:00:00,30.69,29.18,27.58,118.5
49,2025-02-19 00:00:00,30.69,29.18,27.58,120.0
50,2025-02-20 00:00:00,30.69,29.18,27.58,120.0
51,2025-02-21 00:00:00,30.69,29.18,27.58,120.0
52,2025-02-22 00:00:00,30.69,29.18,27.58,120.0
53,2025-02-23 00:00:00,30.69,29.18,27.58,120.0
54,2025-02-24 00:00:00,30.76,29.26,27.67,120.0
55,2025-02-25 00:00:00,30.76,29.26,27.67,120.0
56,2025-02-26 00:00:00,30.76,29.26,27.67,120.0
57,2025-02-27 00:00:00,30.76,29.26,27.67,120.0
58,2025-02-28 00:00:00,30.76,29.26,27.67,120.0
59,2025-03-01 00:00:00,30.76,29.26,27.67,120.0
60,2025-03-02 00:00:00,30.76,29.26,27.67,120.0
61,2025-03-03 00:00:00,30.76,29.26,27.67,120.0
62,2025-03-04 00:00:00,30.76,29.26,27.67,120.0
63,2025-03-05 00:00:00,30.76,29.26,27.67,120.0
64,2025-03-06 00:00:00,30.76,29.26,27.67,120.0
65,2025-03-07 00:00:00,30.76,29.26,27.67,120.0
66,2025-03-08 00:00:00,30.76,29.26,27.67,120.0
67,2025-03-09 00:00:00,30.76,29.26,27.67,120.0
68,2025-03-10 00:00:00,29.88,28.39,26.81,120.0
69,2025-03-11 00:00:00,29.88,28.39,26.81,120.0
70,2025-03-12 00:00:00,29.88,28.39,26.81,120.0
71,2025-03-13 00:00:00,29.88,28.39,26.81,120.0
72,2025-03-14 00:00:00,29.88,28.39,26.81,120.0
73,2025-03-15 00:00:00,29.88,28.39,26.81,120.0
74,2025-03-16 00:00:00,29.88,28.39,26.81,120.0
75,2025-03-17 00:00:00,29.68,28.17,26.08,120.0
76,2025-03-18 00:00:00,29.68,28.17,26.08,120.0
77,2025-03-19 00:00:00,29.68,28.17,26.08,120.0
78,2025-03-20 00:00:00,29.68,28.17,26.08,120.0
79,2025-03-21 00:00:00,29.68,28.17,26.08,120.0
80,2025-03-22 00:00:00,29.68,28.17,26.08,120.0
81,2025-03-23 00:00:00,29.68,28.17,26.08,120.0
82,2025-03-24 00:00:00,30.39,28.89,25.76,120.0
83,2025-03-25 00:00:00,30.39,28.89,25.76,120.0
84,2025-03-26 00:00:00,30.39,28.89,25.76,120.0
85,2025-03-27 00:00:00,30.39,28.89,25.76,120.0
86,2025-03-28 00:00:00,30.39,28.89,25.76,120.0
87,2025-03-29 00:00:00,30.39,28.89,25.76,120.0
88,2025-03-30 00:00:00,30.39,28.89,25.76,120.0
89,2025-03-31 00:00:00,30.53,29.05,25.79,120.0
90,2025-04-01 00:00:00,30.53,29.05,25.79,120.0
91,2025-04-02 00:00:00,30.53,29.05,25.79,120.0
92,2025-04-03 00:00:00,30.53,29.05,25.79,120.0
93,2025-04-04 00:00:00,30.53,29.05,25.79,120.0
94,2025-04-05 00:00:00,30.53,29.05,25.79,120.0
95,2025-04-06 00:00:00,30.53,29.05,25.79,120.0
96,2025-04-07 00:00:00,31.27,29.77,26.19,120.0
97,2025-04-08 00:00:00,31.27,29.77,26.19,120.0
98,2025-04-09 00:00:00,31.27,29.77,26.19,120.0
99,2025-04-10 00:00:00,31.27,29.77,26.19,120.0
100,2025-04-11 00:00:00,31.27,29.77,26.19,120.0
101,2025-04-12 00:00:00,31.27,29.77,26.19,120.0
102,2025-04-13 00:00:00,31.27,29.77,26.19,120.0
103,2025-04-14 00:00:00,30.49,28.98,25.68,120.0
104,2025-04-15 00:00:00,30.49,28.98,25.68,120.0
105,2025-04-16 00:00:00,30.49,28.98,25.68,120.0
106,2025-04-17 00:00:00,30.49,28.98,25.68,120.0
107,2025-04-18 00:00:00,30.49,28.98,25.68,120.0
108,2025-04-19 00:00:00,30.49,28.98,25.68,120.0
109,2025-04-20 00:00:00,30.49,28.98,25.68,120.0
110,2025-04-21 00:00:00,30.29,28.79,25.5,120.0
111,2025-04-22 00:00:00,30.29,28.79,25.5,120.0
112,2025-04-23 00:00:00,30.29,28.79,25.5,120.0
113,2025-04-24 00:00:00,30.29,28.79,25.5,120.0
114,2025-04-25 00:00:00,30.29,28.79,25.5,120.0
115,2025-04-26 00:00:00,30.29,28.79,25.5,120.0
116,2025-04-27 00:00:00,30.29,28.79,25.5,120.0
117,2025-04-28 00:00:00,29.97,28.47,25.18,120.0
118,2025-04-29 00:00:00,29.97,28.47,25.18,120.0
119,2025-04-30 00:00:00,29.97,28.47,25.18,120.0
120,2025-05-01 00:00:00,29.97,28.47,25.18,120.0
121,2025-05-02 00:00:00,29.97,28.47,25.18,120.0
122,2025-05-03 00:00:00,29.97,28.47,25.18,120.0
123,2025-05-04 00:00:00,29.97,28.47,25.18,120.0
124,2025-05-05 00:00:00,29.78,28.28,25.01,120.0
125,2025-05-06 00:00:00,29.78,28.28,25.01,120.0
126,2025-05-07 00:00:00,29.78,28.28,25.01,120.0
127,2025-05-08 00:00:00,29.78,28.28,25.01,120.0
128,2025-05-09 00:00:00,29.78,28.28,25.01,120.0
129,2025-05-10 00:00:00,29.78,28.28,25.01,120.0
130,2025-05-11 00:00:00,29.78,28.28,25.01,120.0
131,2025-05-12 00:00:00,29.59,28.09,24.8,120.0
132,2025-05-13 00:00:00,29.59,28.09,24.8,120.0
133,2025-05-14 00:00:00,29.59,28.09,24.8,120.0
134,2025-05-15 00:00:00,29.59,28.09,24.8,120.0
135,2025-05-16 00:00:00,29.59,28.09,24.8,120.0
136,2025-05-17 00:00:00,29.59,28.09,24.8,120.0
137,2025-05-18 00:00:00,29.59,28.09,24.8,120.0
138,2025-05-19 00:00:00,30.23,28.72,25.26,120.0
139,2025-05-20 00:00:00,30.23,28.72,25.26,120.0
140,2025-05-21 00:00:00,30.23,28.72,25.26,120.0
141,2025-05-22 00:00:00,30.23,28.72,25.26,120.0
142,2025-05-23 00:00:00,30.23,28.72,25.26,120.0
143,2025-05-24 00:00:00,30.23,28.72,25.26,120.0
144,2025-05-25 00:00:00,30.23,28.72,25.26,120.0
145,2025-05-26 00:00:00,30.25,28.75,25.27,120.0
146,2025-05-27 00:00:00,30.25,28.75,25.27,120.0
147,2025-05-28 00:00:00,30.25,28.75,25.27,120.0
148,2025-05-29 00:00:00,30.25,28.75,25.27,120.0
149,2025-05-30 00:00:00,30.25,28.75,25.27,120.0
150,2025-05-31 00:00:00,30.25,28.75,25.27,120.0
151,2025-06-01 00:00:00,30.25,28.75,25.27,120.0
152,2025-06-02 00:00:00,30.16,28.63,25.2,120.0
153,2025-06-03 00:00:00,30.16,28.63,25.2,120.0
154,2025-06-04 00:00:00,30.16,28.63,25.2,120.0
155,2025-06-05 00:00:00,30.16,28.63,25.2,120.0
156,2025-06-06 00:00:00,30.16,28.63,25.2,120.0
157,2025-06-07 00:00:00,30.16,28.63,25.2,120.0
158,2025-06-08 00:00:00,30.16,28.63,25.2,120.0
159,2025-06-09 00:00:00,30.0,28.49,25.03,120.0
160,2025-06-10 00:00:00,30.0,28.49,25.03,120.0
161,2025-06-11 00:00:00,30.0,28.49,25.03,120.0
162,2025-06-12 00:00:00,30.0,28.49,25.03,120.0
163,2025-06-13 00:00:00,30.0,28.49,25.03,120.0
164,2025-06-14 00:00:00,30.0,28.49,25.03,120.0
165,2025-06-15 00:00:00,30.0,28.49,25.03,120.0
166,2025-06-16 00:00:00,29.93,28.4,24.87,120.0
167,2025-06-17 00:00:00,29.93,28.4,24.87,120.0
168,2025-06-18 00:00:00,29.93,28.4,24.87,120.0
169,2025-06-19 00:00:00,29.93,28.4,24.87,120.0
170,2025-06-20 00:00:00,29.93,28.4,24.87,120.0
171,2025-06-21 00:00:00,29.93,28.4,24.87,120.0
172,2025-06-22 00:00:00,29.93,28.4,24.87,120.0
173,2025-06-23 00:00:00,30.97,29.47,26.99,120.0
174,2025-06-24 00:00:00,30.97,29.47,26.99,120.0
175,2025-06-25 00:00:00,30.97,29.47,26.99,120.0
176,2025-06-26 00:00:00,30.97,29.47,26.99,120.0
177,2025-06-27 00:00:00,30.97,29.47,26.99,120.0
178,2025-06-28 00:00:00,30.97,29.47,26.99,120.0
179,2025-06-29 00:00:00,30.97,29.47,26.99,120.0
180,2025-06-30 00:00:00,30.97,29.47,26.99,120.0
181,2025-07-01 00:00:00,30.97,29.47,26.99,120.0
182,2025-07-02 00:00:00,30.96,29.47,26.96,120.0
183,2025-07-03 00:00:00,30.96,29.47,26.96,120.0
184,2025-07-04 00:00:00,30.96,29.47,26.96,120.0
185,2025-07-05 00:00:00,30.96,29.47,26.96,120.0
186,2025-07-06 00:00:00,30.96,29.47,26.96,120.0
187,2025-07-07 00:00:00,30.98,29.49,27.0,120.0
188,2025-07-08 00:00:00,30.98,29.49,27.0,120.0
189,2025-07-09 00:00:00,30.98,29.49,27.0,120.0
190,2025-07-10 00:00:00,30.98,29.49,27.0,120.0
191,2025-07-11 00:00:00,30.98,29.49,27.0,120.0
192,2025-07-12 00:00:00,30.98,29.49,27.0,120.0
193,2025-07-13 00:00:00,30.98,29.49,27.0,120.0
196,2024-01-01 00:00:00,30.44,28.95,29.47,115.0
197,2024-01-02 00:00:00,30.44,28.95,29.47,115.0
198,2024-01-03 00:00:00,30.47,28.97,29.48,115.0
199,2024-01-04 00:00:00,30.47,28.97,29.48,115.0
200,2024-01-05 00:00:00,30.47,28.97,29.48,115.0
201,2024-01-06 00:00:00,30.47,28.97,29.48,115.0
202,2024-01-07 00:00:00,30.47,28.97,29.48,115.0
203,2024-01-08 00:00:00,30.47,28.97,29.48,115.0
204,2024-01-09 00:00:00,30.47,28.97,29.48,115.0
205,2024-01-10 00:00:00,30.47,28.97,29.48,115.0
206,2024-01-11 00:00:00,30.47,28.97,29.48,115.0
207,2024-01-12 00:00:00,30.47,28.97,29.48,115.0
208,2024-01-13 00:00:00,30.47,28.97,29.48,115.0
209,2024-01-14 00:00:00,30.47,28.97,29.48,115.0
210,2024-01-15 00:00:00,30.29,28.79,28.55,115.0
211,2024-01-16 00:00:00,30.29,28.79,28.55,115.0
212,2024-01-17 00:00:00,30.29,28.79,28.55,115.0
213,2024-01-18 00:00:00,30.29,28.79,28.55,115.0
214,2024-01-19 00:00:00,30.29,28.79,28.55,115.0
215,2024-01-20 00:00:00,30.29,28.79,28.55,115.0
216,2024-01-21 00:00:00,30.29,28.79,28.55,115.0
217,2024-01-22 00:00:00,30.9,29.39,29.11,115.0
218,2024-01-23 00:00:00,30.9,29.39,29.11,115.0
219,2024-01-24 00:00:00,30.9,29.39,29.11,115.0
220,2024-01-25 00:00:00,30.9,29.39,29.11,115.0
221,2024-01-26 00:00:00,30.9,29.39,29.11,115.0
222,2024-01-27 00:00:00,30.9,29.39,29.11,115.0
223,2024-01-28 00:00:00,30.9,29.39,29.11,115.0
224,2024-01-29 00:00:00,30.97,29.48,29.19,115.0
225,2024-01-30 00:00:00,30.97,29.48,29.19,115.0
226,2024-01-31 00:00:00,30.97,29.48,29.19,115.0
227,2024-02-01 00:00:00,30.97,29.48,29.19,115.0
228,2024-02-02 00:00:00,30.97,29.48,29.19,115.0
229,2024-02-03 00:00:00,30.97,29.48,29.19,115.0
230,2024-02-04 00:00:00,30.97,29.48,29.19,115.0
231,2024-02-05 00:00:00,31.46,29.96,30.44,115.0
232,2024-02-06 00:00:00,31.46,29.96,30.44,115.0
233,2024-02-07 00:00:00,31.46,29.96,30.44,115.0
234,2024-02-08 00:00:00,31.46,29.96,30.44,115.0
235,2024-02-09 00:00:00,31.46,29.96,30.44,115.0
236,2024-02-10 00:00:00,31.46,29.96,30.44,115.0
237,2024-02-11 00:00:00,31.46,29.96,30.44,115.0
238,2024-02-12 00:00:00,31.47,29.97,30.47,115.0
239,2024-02-13 00:00:00,31.47,29.97,30.47,115.0
240,2024-02-14 00:00:00,31.47,29.97,30.47,115.0
241,2024-02-15 00:00:00,31.47,29.97,30.47,115.0
242,2024-02-16 00:00:00,31.47,29.97,30.47,115.0
243,2024-02-17 00:00:00,31.47,29.97,30.47,115.0
244,2024-02-18 00:00:00,31.47,29.97,30.47,115.0
245,2024-02-19 00:00:00,31.97,30.48,30.98,115.0
246,2024-02-20 00:00:00,31.97,30.48,30.98,115.0
247,2024-02-21 00:00:00,31.97,30.48,30.98,115.0
248,2024-02-22 00:00:00,31.97,30.48,30.98,115.0
249,2024-02-23 00:00:00,31.97,30.48,30.98,115.0
250,2024-02-24 00:00:00,31.97,30.48,30.98,115.0
251,2024-02-25 00:00:00,31.97,30.48,30.98,115.0
252,2024-02-26 00:00:00,32.45,30.95,30.97,115.0
253,2024-02-27 00:00:00,32.45,30.95,30.97,115.0
254,2024-02-28 00:00:00,32.45,30.95,30.97,115.0
255,2024-02-29 00:00:00,32.45,30.95,30.97,115.0
256,2024-03-01 00:00:00,32.45,30.95,30.97,115.0
257,2024-03-02 00:00:00,32.45,30.95,30.97,115.0
258,2024-03-03 00:00:00,32.45,30.95,30.97,115.0
259,2024-03-04 00:00:00,32.89,31.4,30.7,115.0
260,2024-03-05 00:00:00,32.89,31.4,30.7,115.0
261,2024-03-06 00:00:00,32.89,31.4,30.7,115.0
262,2024-03-07 00:00:00,32.89,31.4,30.7,115.0
263,2024-03-08 00:00:00,32.89,31.4,30.7,115.0
264,2024-03-09 00:00:00,32.89,31.4,30.7,115.0
265,2024-03-10 00:00:00,32.89,31.4,30.7,115.0
266,2024-03-11 00:00:00,33.42,31.92,30.15,115.0
267,2024-03-12 00:00:00,33.42,31.92,30.15,115.0
268,2024-03-13 00:00:00,33.42,31.92,30.15,115.0
269,2024-03-14 00:00:00,33.42,31.92,30.15,115.0
270,2024-03-15 00:00:00,33.42,31.92,30.15,115.0
271,2024-03-16 00:00:00,33.42,31.92,30.15,115.0
272,2024-03-17 00:00:00,33.42,31.92,30.15,115.0
273,2024-03-18 00:00:00,34.46,32.96,29.56,115.0
274,2024-03-19 00:00:00,34.46,32.96,29.56,115.0
275,2024-03-20 00:00:00,34.46,32.96,29.56,115.0
276,2024-03-21 00:00:00,34.46,32.96,29.56,115.0
277,2024-03-22 00:00:00,34.46,32.96,29.56,115.0
278,2024-03-23 00:00:00,34.46,32.96,29.56,115.0
279,2024-03-24 00:00:00,34.46,32.96,29.56,115.0
280,2024-03-25 00:00:00,34.95,33.4,29.48,115.0
281,2024-03-26 00:00:00,34.95,33.4,29.48,115.0
282,2024-03-27 00:00:00,34.95,33.4,29.48,115.0
283,2024-03-28 00:00:00,34.95,33.4,29.48,115.0
284,2024-03-29 00:00:00,34.95,33.4,29.48,115.0
285,2024-03-30 00:00:00,34.95,33.4,29.48,115.0
286,2024-03-31 00:00:00,34.95,33.4,29.48,115.0
287,2024-04-01 00:00:00,34.98,33.48,29.48,115.0
288,2024-04-02 00:00:00,34.98,33.48,29.48,115.0
289,2024-04-03 00:00:00,34.98,33.48,29.48,115.0
290,2024-04-04 00:00:00,34.98,33.48,29.48,115.0
291,2024-04-05 00:00:00,34.98,33.48,29.48,115.0
292,2024-04-06 00:00:00,34.98,33.48,29.48,115.0
293,2024-04-07 00:00:00,34.98,33.48,29.48,115.0
294,2024-04-08 00:00:00,35.64,34.14,30.21,115.0
295,2024-04-09 00:00:00,35.64,34.14,30.21,115.0
296,2024-04-10 00:00:00,35.64,34.14,30.21,115.0
297,2024-04-11 00:00:00,35.64,34.14,30.21,115.0
298,2024-04-12 00:00:00,35.64,34.14,30.21,115.0
299,2024-04-13 00:00:00,35.64,34.14,30.21,115.0
300,2024-04-14 00:00:00,35.64,34.14,30.21,115.0
301,2024-04-15 00:00:00,35.68,34.18,30.17,115.0
302,2024-04-16 00:00:00,35.68,34.18,30.17,115.0
303,2024-04-17 00:00:00,35.68,34.18,30.17,115.0
304,2024-04-18 00:00:00,35.68,34.18,30.17,115.0
305,2024-04-19 00:00:00,35.68,34.18,30.17,115.0
306,2024-04-20 00:00:00,35.68,34.18,30.17,115.0
307,2024-04-21 00:00:00,35.68,34.18,30.17,115.0
308,2024-04-22 00:00:00,35.17,33.67,29.81,115.0
309,2024-04-23 00:00:00,35.17,33.67,29.81,115.0
310,2024-04-24 00:00:00,35.17,33.67,29.81,115.0
311,2024-04-25 00:00:00,35.17,33.67,29.81,115.0
312,2024-04-26 00:00:00,35.17,33.67,29.81,115.0
313,2024-04-27 00:00:00,35.17,33.67,29.81,115.0
314,2024-04-28 00:00:00,35.17,33.67,29.81,115.0
315,2024-04-29 00:00:00,34.51,33.06,29.24,115.0
316,2024-04-30 00:00:00,34.51,33.06,29.24,115.0
317,2024-05-01 00:00:00,34.51,33.06,29.24,115.0
318,2024-05-02 00:00:00,34.51,33.06,29.24,115.0
319,2024-05-03 00:00:00,34.51,33.06,29.24,115.0
320,2024-05-04 00:00:00,34.51,33.06,29.24,115.0
321,2024-05-05 00:00:00,34.51,33.06,29.24,115.0
322,2024-05-06 00:00:00,34.17,32.67,28.86,115.0
323,2024-05-07 00:00:00,34.17,32.67,28.86,115.0
324,2024-05-08 00:00:00,34.17,32.67,28.86,115.0
325,2024-05-09 00:00:00,34.17,32.67,28.86,115.0
326,2024-05-10 00:00:00,34.17,32.67,28.86,115.0
327,2024-05-11 00:00:00,34.17,32.67,28.86,115.0
328,2024-05-12 00:00:00,34.17,32.67,28.86,115.0
329,2024-05-13 00:00:00,33.61,32.11,28.3,115.0
330,2024-05-14 00:00:00,33.61,32.11,28.3,115.0
331,2024-05-15 00:00:00,33.61,32.11,28.3,115.0
332,2024-05-16 00:00:00,33.61,32.11,28.3,115.0
333,2024-05-17 00:00:00,33.61,32.11,28.3,115.0
334,2024-05-18 00:00:00,33.61,32.11,28.3,115.0
335,2024-05-19 00:00:00,33.61,32.11,28.3,115.0
336,2024-05-20 00:00:00,33.01,31.51,27.88,115.0
337,2024-05-21 00:00:00,33.01,31.51,27.88,115.0
338,2024-05-22 00:00:00,33.01,31.51,27.88,115.0
339,2024-05-23 00:00:00,33.01,31.51,27.88,115.0
340,2024-05-24 00:00:00,33.01,31.51,27.88,115.0
341,2024-05-25 00:00:00,33.01,31.51,27.88,115.0
342,2024-05-26 00:00:00,33.01,31.51,27.88,115.0
343,2024-05-27 00:00:00,32.88,31.37,27.63,115.0
344,2024-05-28 00:00:00,32.88,31.37,27.63,115.0
345,2024-05-29 00:00:00,32.88,31.37,27.63,115.0
346,2024-05-30 00:00:00,32.88,31.37,27.63,115.0
347,2024-05-31 00:00:00,32.88,31.37,27.63,115.0
348,2024-06-01 00:00:00,32.88,31.37,27.63,115.0
349,2024-06-02 00:00:00,32.88,31.37,27.63,115.0
350,2024-06-03 00:00:00,32.51,31.01,27.31,115.0
351,2024-06-04 00:00:00,32.51,31.01,27.31,115.0
352,2024-06-05 00:00:00,32.51,31.01,27.31,115.0
353,2024-06-06 00:00:00,32.51,31.01,27.31,115.0
354,2024-06-07 00:00:00,32.51,31.01,27.31,115.0
355,2024-06-08 00:00:00,32.51,31.01,27.31,115.0
356,2024-06-09 00:00:00,32.51,31.01,27.31,115.0
357,2024-06-10 00:00:00,32.38,30.88,27.18,115.0
358,2024-06-11 00:00:00,32.38,30.88,27.18,115.0
359,2024-06-12 00:00:00,32.38,30.88,27.18,115.0
360,2024-06-13 00:00:00,32.38,30.88,27.18,115.0
361,2024-06-14 00:00:00,32.38,30.88,27.18,115.0
362,2024-06-15 00:00:00,32.38,30.88,27.18,115.0
363,2024-06-16 00:00:00,32.38,30.88,27.18,115.0
364,2024-06-17 00:00:00,32.38,30.88,27.56,115.0
365,2024-06-18 00:00:00,32.38,30.88,27.56,115.0
366,2024-06-19 00:00:00,32.38,30.88,27.56,115.0
367,2024-06-20 00:00:00,32.38,30.88,27.56,115.0
368,2024-06-21 00:00:00,32.38,30.88,27.56,115.0
369,2024-06-22 00:00:00,32.38,30.88,27.56,115.0
370,2024-06-23 00:00:00,32.38,30.88,27.56,115.0
371,2024-06-24 00:00:00,32.4,30.91,27.68,115.0
372,2024-06-25 00:00:00,32.4,30.91,27.68,110.0
373,2024-06-26 00:00:00,32.4,30.91,27.68,110.0
374,2024-06-27 00:00:00,32.4,30.91,27.68,110.0
375,2024-06-28 00:00:00,32.4,30.91,27.68,110.0
376,2024-06-29 00:00:00,32.4,30.91,27.68,110.0
377,2024-06-30 00:00:00,32.4,30.91,27.68,110.0
378,2024-07-01 00:00:00,32.4,30.91,27.68,110.0
379,2024-07-02 00:00:00,32.4,30.91,27.68,110.0
380,2024-07-03 00:00:00,32.67,31.17,28.53,110.0
381,2024-07-04 00:00:00,32.67,31.17,28.53,110.0
382,2024-07-05 00:00:00,32.67,31.17,28.53,110.0
383,2024-07-06 00:00:00,32.67,31.17,28.53,110.0
384,2024-07-07 00:00:00,32.67,31.17,28.53,110.0
385,2024-07-08 00:00:00,32.68,31.17,28.16,110.0
386,2024-07-09 00:00:00,32.68,31.17,28.16,110.0
387,2024-07-10 00:00:00,32.68,31.17,28.16,110.0
388,2024-07-11 00:00:00,32.68,31.17,28.16,110.0
389,2024-07-12 00:00:00,32.68,31.17,28.16,110.0
390,2024-07-13 00:00:00,32.68,31.17,28.16,110.0
391,2024-07-14 00:00:00,32.68,31.17,28.16,110.0
392,2024-07-15 00:00:00,33.23,31.73,28.55,110.0
393,2024-07-16 00:00:00,33.23,31.73,28.55,110.0
394,2024-07-17 00:00:00,33.23,31.73,28.55,110.0
395,2024-07-18 00:00:00,33.23,31.73,28.55,110.0
396,2024-07-19 00:00:00,33.23,31.73,28.55,110.0
397,2024-07-20 00:00:00,33.23,31.73,28.55,110.0
398,2024-07-21 00:00:00,33.23,31.73,28.55,110.0
399,2024-07-22 00:00:00,32.79,31.29,28.09,110.0
400,2024-07-23 00:00:00,32.79,31.29,28.09,110.0
401,2024-07-24 00:00:00,32.79,31.29,28.09,110.0
402,2024-07-25 00:00:00,32.79,31.29,28.09,110.0
403,2024-07-26 00:00:00,32.79,31.29,28.09,110.0
404,2024-07-27 00:00:00,32.79,31.29,28.09,110.0
405,2024-07-28 00:00:00,32.79,31.29,28.09,110.0
406,2024-07-29 00:00:00,32.63,31.13,27.93,110.0
407,2024-07-30 00:00:00,32.63,31.13,27.93,110.0
408,2024-07-31 00:00:00,32.63,31.13,27.93,110.0
409,2024-08-01 00:00:00,32.63,31.13,27.93,110.0
410,2024-08-02 00:00:00,32.63,31.13,27.93,110.0
411,2024-08-03 00:00:00,32.63,31.13,27.93,110.0
412,2024-08-04 00:00:00,32.63,31.13,27.93,110.0
413,2024-08-05 00:00:00,32.65,31.14,27.8,110.0
414,2024-08-06 00:00:00,32.65,31.14,27.8,110.0
415,2024-08-07 00:00:00,32.65,31.14,27.8,110.0
416,2024-08-08 00:00:00,32.65,31.14,27.8,110.0
417,2024-08-09 00:00:00,32.65,31.14,27.8,110.0
418,2024-08-10 00:00:00,32.65,31.14,27.8,110.0
419,2024-08-11 00:00:00,32.65,31.14,27.8,110.0
420,2024-08-12 00:00:00,32.9,31.41,27.34,110.0
421,2024-08-13 00:00:00,32.9,31.41,27.34,110.0
422,2024-08-14 00:00:00,32.9,31.41,27.34,110.0
423,2024-08-15 00:00:00,32.9,31.41,27.34,110.0
424,2024-08-16 00:00:00,32.9,31.41,27.34,110.0
425,2024-08-17 00:00:00,32.9,31.41,27.34,110.0
426,2024-08-18 00:00:00,32.9,31.41,27.34,110.0
427,2024-08-19 00:00:00,32.96,31.46,27.31,110.0
428,2024-08-20 00:00:00,32.96,31.46,27.31,110.0
429,2024-08-21 00:00:00,32.96,31.46,27.31,110.0
430,2024-08-22 00:00:00,32.96,31.46,27.31,110.0
431,2024-08-23 00:00:00,32.96,31.46,27.31,110.0
432,2024-08-24 00:00:00,32.96,31.46,27.31,110.0
433,2024-08-25 00:00:00,32.96,31.46,27.31,110.0
434,2024-08-26 00:00:00,32.28,30.78,27.24,110.0
435,2024-08-27 00:00:00,32.28,30.78,27.24,110.0
436,2024-08-28 00:00:00,32.28,30.78,27.24,110.0
437,2024-08-29 00:00:00,32.28,30.78,27.24,110.0
438,2024-08-30 00:00:00,32.28,30.78,27.24,110.0
439,2024-08-31 00:00:00,32.28,30.78,27.24,110.0
440,2024-09-01 00:00:00,32.28,30.78,27.24,110.0
441,2024-09-02 00:00:00,31.71,30.21,27.2,110.0
442,2024-09-03 00:00:00,31.71,30.21,27.2,110.0
443,2024-09-04 00:00:00,31.71,30.21,27.2,110.0
444,2024-09-05 00:00:00,31.71,30.21,27.2,110.0
445,2024-09-06 00:00:00,31.71,30.21,27.2,110.0
446,2024-09-07 00:00:00,31.71,30.21,27.2,110.0
447,2024-09-08 00:00:00,31.71,30.21,27.2,110.0
448,2024-09-09 00:00:00,31.18,29.68,26.91,110.0
449,2024-09-10 00:00:00,31.18,29.68,26.91,110.0
450,2024-09-11 00:00:00,31.18,29.68,26.91,110.0
451,2024-09-12 00:00:00,31.18,29.68,26.91,110.0
452,2024-09-13 00:00:00,31.18,29.68,26.91,110.0
453,2024-09-14 00:00:00,31.18,29.68,26.91,110.0
454,2024-09-15 00:00:00,31.18,29.68,26.91,110.0
455,2024-09-16 00:00:00,31.18,29.68,26.91,110.0
456,2024-09-17 00:00:00,30.01,28.51,25.98,110.0
457,2024-09-18 00:00:00,30.01,28.51,25.98,110.0
458,2024-09-19 00:00:00,30.01,28.51,25.98,110.0
459,2024-09-20 00:00:00,30.01,28.51,25.98,110.0
460,2024-09-21 00:00:00,30.01,28.51,25.98,110.0
461,2024-09-22 00:00:00,30.01,28.51,25.98,110.0
462,2024-09-23 00:00:00,29.51,27.99,25.5,110.0
463,2024-09-24 00:00:00,29.51,27.99,25.5,110.0
464,2024-09-25 00:00:00,29.51,27.99,25.5,110.0
465,2024-09-26 00:00:00,29.51,27.99,25.5,110.0
466,2024-09-27 00:00:00,29.51,27.99,25.5,110.0
467,2024-09-28 00:00:00,29.51,27.99,25.5,110.0
468,2024-09-29 00:00:00,29.51,27.99,25.5,110.0
469,2024-09-30 00:00:00,29.5,28.0,25.5,110.0
470,2024-10-01 00:00:00,29.5,28.0,25.5,110.0
471,2024-10-02 00:00:00,29.5,28.0,25.5,110.0
472,2024-10-03 00:00:00,29.5,28.0,25.5,110.0
473,2024-10-04 00:00:00,29.5,28.0,25.5,110.0
474,2024-10-05 00:00:00,29.5,28.0,25.5,110.0
475,2024-10-06 00:00:00,29.5,28.0,25.5,110.0
476,2024-10-07 00:00:00,29.16,27.66,25.43,110.0
477,2024-10-08 00:00:00,29.16,27.66,25.43,110.0
478,2024-10-09 00:00:00,29.16,27.66,25.43,110.0
479,2024-10-10 00:00:00,29.16,27.66,25.43,110.0
480,2024-10-11 00:00:00,29.16,27.66,25.43,110.0
481,2024-10-12 00:00:00,29.16,27.66,25.43,110.0
482,2024-10-13 00:00:00,29.16,27.66,25.43,110.0
483,2024-10-14 00:00:00,30.48,29.01,26.77,110.0
484,2024-10-15 00:00:00,30.48,29.01,26.77,110.0
485,2024-10-16 00:00:00,30.48,29.01,26.77,110.0
486,2024-10-17 00:00:00,30.48,29.01,26.77,110.0
487,2024-10-18 00:00:00,30.48,29.01,26.77,110.0
488,2024-10-19 00:00:00,30.48,29.01,26.77,110.0
489,2024-10-20 00:00:00,30.48,29.01,26.77,110.0
490,2024-10-21 00:00:00,30.48,29.01,26.77,110.0
491,2024-10-22 00:00:00,30.11,28.62,26.39,110.0
492,2024-10-23 00:00:00,30.11,28.62,26.39,110.0
493,2024-10-24 00:00:00,30.11,28.62,26.39,110.0
494,2024-10-25 00:00:00,30.11,28.62,26.39,110.0
495,2024-10-26 00:00:00,30.11,28.62,26.39,110.0
496,2024-10-27 00:00:00,30.11,28.62,26.39,110.0
497,2024-10-28 00:00:00,29.98,28.48,26.28,110.0
498,2024-10-29 00:00:00,29.98,28.48,26.28,110.0
499,2024-10-30 00:00:00,29.98,28.48,26.28,110.0
500,2024-10-31 00:00:00,29.98,28.48,26.28,110.0
501,2024-11-01 00:00:00,29.98,28.48,26.28,110.0
502,2024-11-02 00:00:00,29.98,28.48,26.28,110.0
503,2024-11-03 00:00:00,29.98,28.48,26.28,110.0
504,2024-11-04 00:00:00,29.0,27.49,25.65,110.0
505,2024-11-05 00:00:00,29.0,27.49,25.65,110.0
506,2024-11-06 00:00:00,29.0,27.49,25.65,110.0
507,2024-11-07 00:00:00,29.0,27.49,25.65,110.0
508,2024-11-08 00:00:00,29.0,27.49,25.65,110.0
509,2024-11-09 00:00:00,29.0,27.49,25.65,110.0
510,2024-11-10 00:00:00,29.0,27.49,25.65,110.0
511,2024-11-11 00:00:00,28.88,27.37,25.58,110.0
512,2024-11-12 00:00:00,28.88,27.37,25.58,110.0
513,2024-11-13 00:00:00,28.88,27.37,25.58,110.0
514,2024-11-14 00:00:00,28.88,27.37,25.58,110.0
515,2024-11-15 00:00:00,28.88,27.37,25.58,110.0
516,2024-11-16 00:00:00,28.88,27.37,25.58,110.0
517,2024-11-17 00:00:00,28.88,27.37,25.58,110.0
518,2024-11-18 00:00:00,28.88,27.37,25.6,110.0
519,2024-11-19 00:00:00,28.88,27.37,25.6,110.0
520,2024-11-20 00:00:00,28.88,27.37,25.6,110.0
521,2024-11-21 00:00:00,28.88,27.37,25.6,110.0
522,2024-11-22 00:00:00,28.88,27.37,25.6,110.0
523,2024-11-23 00:00:00,28.88,27.37,25.6,110.0
524,2024-11-24 00:00:00,28.88,27.37,25.6,110.0
525,2024-11-25 00:00:00,28.93,27.43,25.61,110.0
526,2024-11-26 00:00:00,28.93,27.43,25.61,110.0
527,2024-11-27 00:00:00,28.93,27.43,25.61,110.0
528,2024-11-28 00:00:00,28.93,27.43,25.61,110.0
529,2024-11-29 00:00:00,28.93,27.43,25.61,110.0
530,2024-11-30 00:00:00,28.93,27.43,25.61,110.0
531,2024-12-01 00:00:00,28.93,27.43,25.61,110.0
532,2024-12-02 00:00:00,28.88,27.38,25.58,110.0
533,2024-12-03 00:00:00,28.88,27.38,25.58,110.0
534,2024-12-04 00:00:00,28.88,27.38,25.58,110.0
535,2024-12-05 00:00:00,28.88,27.38,25.58,110.0
536,2024-12-06 00:00:00,28.88,27.38,25.58,110.0
537,2024-12-07 00:00:00,28.88,27.38,25.58,110.0
538,2024-12-08 00:00:00,28.88,27.38,25.58,110.0
539,2024-12-09 00:00:00,28.33,26.82,24.89,110.0
540,2024-12-10 00:00:00,28.33,26.82,24.89,110.0
541,2024-12-11 00:00:00,28.33,26.82,24.89,110.0
542,2024-12-12 00:00:00,28.33,26.82,24.89,110.0
543,2024-12-13 00:00:00,28.33,26.82,24.89,110.0
544,2024-12-14 00:00:00,28.33,26.82,24.89,110.0
545,2024-12-15 00:00:00,28.33,26.82,24.89,110.0
546,2024-12-16 00:00:00,28.41,26.91,24.99,110.0
547,2024-12-17 00:00:00,28.41,26.91,24.99,110.0
548,2024-12-18 00:00:00,28.41,26.91,24.99,110.0
549,2024-12-19 00:00:00,28.41,26.91,24.99,110.0
550,2024-12-20 00:00:00,28.41,26.91,24.99,110.0
551,2024-12-21 00:00:00,28.41,26.91,24.99,110.0
552,2024-12-22 00:00:00,28.41,26.91,24.99,110.0
553,2024-12-23 00:00:00,28.41,26.91,24.99,110.0
554,2024-12-24 00:00:00,28.41,26.91,24.99,110.0
555,2024-12-25 00:00:00,28.41,26.91,24.99,110.0
556,2024-12-26 00:00:00,28.99,27.49,25.51,110.0
557,2024-12-27 00:00:00,28.99,27.49,25.51,110.0
558,2024-12-28 00:00:00,28.99,27.49,25.51,110.0
559,2024-12-29 00:00:00,28.99,27.49,25.51,110.0
560,2024-12-30 00:00:00,28.95,27.45,25.47,110.0
561,2024-12-31 00:00:00,28.95,27.45,25.47,110.0
564,2023-01-01 00:00:00,32.55,30.99,33.75,122.0
565,2023-01-02 00:00:00,32.55,30.99,33.75,122.0
566,2023-01-03 00:00:00,32.56,31.42,35.31,122.0
567,2023-01-04 00:00:00,32.56,31.42,35.31,122.0
568,2023-01-05 00:00:00,32.56,31.42,35.31,122.0
569,2023-01-06 00:00:00,32.56,31.42,35.31,122.0
570,2023-01-07 00:00:00,32.56,31.42,35.31,122.0
571,2023-01-08 00:00:00,32.56,31.42,35.31,122.0
572,2023-01-09 00:00:00,33.0,31.6,35.98,122.0
573,2023-01-10 00:00:00,33.0,31.6,35.98,122.0
574,2023-01-11 00:00:00,33.0,31.6,35.98,122.0
575,2023-01-12 00:00:00,33.0,31.6,35.98,122.0
576,2023-01-13 00:00:00,33.0,31.6,35.98,122.0
577,2023-01-14 00:00:00,33.0,31.6,35.98,122.0
578,2023-01-15 00:00:00,33.0,31.6,35.98,122.0
579,2023-01-16 00:00:00,33.96,32.58,35.96,122.0
580,2023-01-17 00:00:00,33.96,32.58,35.96,122.0
581,2023-01-18 00:00:00,33.96,32.58,35.96,122.0
582,2023-01-19 00:00:00,33.96,32.58,35.96,122.0
583,2023-01-20 00:00:00,33.96,32.58,35.96,122.0
584,2023-01-21 00:00:00,33.96,32.58,35.96,122.0
585,2023-01-22 00:00:00,33.96,32.58,35.96,122.0
586,2023-01-23 00:00:00,35.02,33.63,35.54,122.0
587,2023-01-24 00:00:00,35.02,33.63,35.54,122.0
588,2023-01-25 00:00:00,35.02,33.63,35.54,122.0
589,2023-01-26 00:00:00,35.02,33.63,35.54,122.0
590,2023-01-27 00:00:00,35.02,33.63,35.54,122.0
591,2023-01-28 00:00:00,35.02,33.63,35.54,122.0
592,2023-01-29 00:00:00,35.02,33.63,35.54,122.0
593,2023-01-30 00:00:00,35.66,34.26,36.18,122.0
594,2023-01-31 00:00:00,35.66,34.26,36.18,122.0
595,2023-02-01 00:00:00,35.66,34.26,36.18,135.0
596,2023-02-02 00:00:00,35.66,34.26,36.18,135.0
597,2023-02-03 00:00:00,35.66,34.26,36.18,135.0
598,2023-02-04 00:00:00,35.66,34.26,36.18,135.0
599,2023-02-05 00:00:00,35.66,34.26,36.18,135.0
600,2023-02-06 00:00:00,34.94,33.49,35.29,135.0
601,2023-02-07 00:00:00,34.94,33.49,35.29,135.0
602,2023-02-08 00:00:00,34.94,33.49,35.29,135.0
603,2023-02-09 00:00:00,34.94,33.49,35.29,135.0
604,2023-02-10 00:00:00,34.94,33.49,35.29,135.0
605,2023-02-11 00:00:00,34.94,33.49,35.29,135.0
606,2023-02-12 00:00:00,34.94,33.49,35.29,135.0
607,2023-02-13 00:00:00,34.23,32.74,33.54,135.0
608,2023-02-14 00:00:00,34.23,32.74,33.54,135.0
609,2023-02-15 00:00:00,34.23,32.74,33.54,135.0
610,2023-02-16 00:00:00,34.23,32.74,33.54,135.0
611,2023-02-17 00:00:00,34.23,32.74,33.54,135.0
612,2023-02-18 00:00:00,34.23,32.74,33.54,135.0
613,2023-02-19 00:00:00,34.23,32.74,33.54,135.0
614,2023-02-20 00:00:00,33.74,32.24,32.14,135.0
615,2023-02-21 00:00:00,33.74,32.24,32.14,135.0
616,2023-02-22 00:00:00,33.74,32.24,32.14,135.0
617,2023-02-23 00:00:00,33.74,32.24,32.14,135.0
618,2023-02-24 00:00:00,33.74,32.24,32.14,135.0
619,2023-02-25 00:00:00,33.74,32.24,32.14,135.0
620,2023-02-26 00:00:00,33.74,32.24,32.14,135.0
621,2023-02-27 00:00:00,33.33,31.84,31.11,135.0
622,2023-02-28 00:00:00,33.33,31.84,31.11,135.0
623,2023-03-01 00:00:00,33.33,31.84,31.11,135.0
624,2023-03-02 00:00:00,33.33,31.84,31.11,135.0
625,2023-03-03 00:00:00,33.33,31.84,31.11,135.0
626,2023-03-04 00:00:00,33.33,31.84,31.11,135.0
627,2023-03-05 00:00:00,33.33,31.84,31.11,135.0
628,2023-03-06 00:00:00,33.3,31.8,31.0,135.0
629,2023-03-07 00:00:00,33.3,31.8,31.0,135.0
630,2023-03-08 00:00:00,33.3,31.8,31.0,135.0
631,2023-03-09 00:00:00,33.3,31.8,31.0,135.0
632,2023-03-10 00:00:00,33.3,31.8,31.0,135.0
633,2023-03-11 00:00:00,33.3,31.8,31.0,135.0
634,2023-03-12 00:00:00,33.3,31.8,31.0,135.0
635,2023-03-13 00:00:00,33.77,32.18,31.01,135.0
636,2023-03-14 00:00:00,33.77,32.18,31.01,135.0
637,2023-03-15 00:00:00,33.77,32.18,31.01,135.0
638,2023-03-16 00:00:00,33.77,32.18,31.01,115.0
639,2023-03-17 00:00:00,33.77,32.18,31.01,115.0
640,2023-03-18 00:00:00,33.77,32.18,31.01,115.0
641,2023-03-19 00:00:00,33.77,32.18,31.01,115.0
642,2023-03-20 00:00:00,33.04,31.45,30.63,115.0
643,2023-03-21 00:00:00,33.04,31.45,30.63,115.0
644,2023-03-22 00:00:00,33.04,31.45,30.63,115.0
645,2023-03-23 00:00:00,33.04,31.45,30.63,115.0
646,2023-03-24 00:00:00,33.04,31.45,30.63,115.0
647,2023-03-25 00:00:00,33.04,31.45,30.63,115.0
648,2023-03-26 00:00:00,33.04,31.45,30.63,115.0
649,2023-03-27 00:00:00,33.49,31.88,30.01,115.0
650,2023-03-28 00:00:00,33.49,31.88,30.01,115.0
651,2023-03-29 00:00:00,33.49,31.88,30.01,115.0
652,2023-03-30 00:00:00,33.49,31.88,30.01,115.0
653,2023-03-31 00:00:00,33.49,31.88,30.01,115.0
654,2023-04-01 00:00:00,33.49,31.88,30.01,115.0
655,2023-04-02 00:00:00,33.49,31.88,30.01,115.0
656,2023-04-03 00:00:00,34.46,32.86,30.02,115.0
657,2023-04-04 00:00:00,34.46,32.86,30.02,115.0
658,2023-04-05 00:00:00,34.46,32.86,30.02,115.0
659,2023-04-06 00:00:00,34.46,32.86,30.02,115.0
660,2023-04-07 00:00:00,34.46,32.86,30.02,115.0
661,2023-04-08 00:00:00,34.46,32.86,30.02,115.0
662,2023-04-09 00:00:00,34.46,32.86,30.02,115.0
663,2023-04-10 00:00:00,34.99,33.4,30.0,115.0
664,2023-04-11 00:00:00,34.99,33.4,30.0,115.0
665,2023-04-12 00:00:00,34.99,33.4,30.0,115.0
666,2023-04-13 00:00:00,34.99,33.4,30.0,115.0
667,2023-04-14 00:00:00,34.99,33.4,30.0,115.0
668,2023-04-15 00:00:00,34.99,33.4,30.0,115.0
669,2023-04-16 00:00:00,34.99,33.4,30.0,115.0
670,2023-04-17 00:00:00,35.98,34.36,29.78,115.0
671,2023-04-18 00:00:00,35.98,34.36,29.78,115.0
672,2023-04-19 00:00:00,35.98,34.36,29.78,115.0
673,2023-04-20 00:00:00,35.98,34.36,29.78,115.0
674,2023-04-21 00:00:00,35.98,34.36,29.78,115.0
675,2023-04-22 00:00:00,35.98,34.36,29.78,115.0
676,2023-04-23 00:00:00,35.98,34.36,29.78,115.0
677,2023-04-24 00:00:00,35.91,34.31,29.32,115.0
678,2023-04-25 00:00:00,35.91,34.31,29.32,115.0
679,2023-04-26 00:00:00,35.91,34.31,29.32,115.0
680,2023-04-27 00:00:00,35.91,34.31,29.32,115.0
681,2023-04-28 00:00:00,35.91,34.31,29.32,115.0
682,2023-04-29 00:00:00,35.91,34.31,29.32,115.0
683,2023-04-30 00:00:00,35.91,34.31,29.32,115.0
684,2023-05-01 00:00:00,35.91,34.31,29.32,115.0
685,2023-05-02 00:00:00,35.08,33.46,28.43,115.0
686,2023-05-03 00:00:00,35.08,33.46,28.43,115.0
687,2023-05-04 00:00:00,35.08,33.46,28.43,115.0
688,2023-05-05 00:00:00,35.08,33.46,28.43,115.0
689,2023-05-06 00:00:00,35.08,33.46,28.43,115.0
690,2023-05-07 00:00:00,35.08,33.46,28.43,115.0
691,2023-05-08 00:00:00,34.31,32.8,27.68,115.0
692,2023-05-09 00:00:00,34.31,32.8,27.68,115.0
693,2023-05-10 00:00:00,34.31,32.8,27.68,115.0
694,2023-05-11 00:00:00,34.31,32.8,27.68,115.0
695,2023-05-12 00:00:00,34.31,32.8,27.68,115.0
696,2023-05-13 00:00:00,34.31,32.8,27.68,115.0
697,2023-05-14 00:00:00,34.31,32.8,27.68,115.0
698,2023-05-15 00:00:00,33.49,31.98,27.02,115.0
699,2023-05-16 00:00:00,33.49,31.98,27.02,115.0
700,2023-05-17 00:00:00,33.49,31.98,27.02,115.0
701,2023-05-18 00:00:00,33.49,31.98,27.02,115.0
702,2023-05-19 00:00:00,33.49,31.98,27.02,115.0
703,2023-05-20 00:00:00,33.49,31.98,27.02,115.0
704,2023-05-21 00:00:00,33.49,31.98,27.02,115.0
705,2023-05-22 00:00:00,33.35,31.97,27.01,115.0
706,2023-05-23 00:00:00,33.35,31.97,27.01,115.0
707,2023-05-24 00:00:00,33.35,31.97,27.01,115.0
708,2023-05-25 00:00:00,33.35,31.97,27.01,115.0
709,2023-05-26 00:00:00,33.35,31.97,27.01,115.0
710,2023-05-27 00:00:00,33.35,31.97,27.01,115.0
711,2023-05-28 00:00:00,33.35,31.97,27.01,115.0
712,2023-05-29 00:00:00,33.3,31.99,27.0,115.0
713,2023-05-30 00:00:00,33.3,31.99,27.0,115.0
714,2023-05-31 00:00:00,33.3,31.99,27.0,115.0
715,2023-06-01 00:00:00,33.3,31.99,27.0,115.0
716,2023-06-02 00:00:00,33.3,31.99,27.0,115.0
717,2023-06-03 00:00:00,33.3,31.99,27.0,115.0
718,2023-06-04 00:00:00,33.3,31.99,27.0,115.0
719,2023-06-05 00:00:00,33.3,31.97,26.56,115.0
720,2023-06-06 00:00:00,33.3,31.97,26.56,115.0
721,2023-06-07 00:00:00,33.3,31.97,26.56,115.0
722,2023-06-08 00:00:00,33.3,31.97,26.56,115.0
723,2023-06-09 00:00:00,33.3,31.97,26.56,115.0
724,2023-06-10 00:00:00,33.3,31.97,26.56,115.0
725,2023-06-11 00:00:00,33.3,31.97,26.56,115.0
726,2023-06-12 00:00:00,33.1,31.78,26.3,115.0
727,2023-06-13 00:00:00,33.1,31.78,26.3,115.0
728,2023-06-14 00:00:00,33.1,31.78,26.3,115.0
729,2023-06-15 00:00:00,33.1,31.78,26.3,115.0
730,2023-06-16 00:00:00,33.1,31.78,26.3,135.0
731,2023-06-17 00:00:00,33.1,31.78,26.3,135.0
732,2023-06-18 00:00:00,33.1,31.78,26.3,135.0
733,2023-06-19 00:00:00,33.08,31.79,26.25,135.0
734,2023-06-20 00:00:00,33.08,31.79,26.25,135.0
735,2023-06-21 00:00:00,33.08,31.79,26.25,135.0
736,2023-06-22 00:00:00,33.08,31.79,26.25,135.0
737,2023-06-23 00:00:00,33.08,31.79,26.25,135.0
738,2023-06-24 00:00:00,33.08,31.79,26.25,135.0
739,2023-06-25 00:00:00,33.08,31.79,26.25,135.0
740,2023-06-26 00:00:00,33.08,31.79,26.25,135.0
741,2023-06-27 00:00:00,34.16,32.66,27.0,135.0
742,2023-06-28 00:00:00,34.16,32.66,27.0,135.0
743,2023-06-29 00:00:00,34.16,32.66,27.0,135.0
744,2023-06-30 00:00:00,34.16,32.66,27.0,135.0
745,2023-07-01 00:00:00,34.16,32.66,27.0,135.0
746,2023-07-02 00:00:00,34.16,32.66,27.0,135.0
747,2023-07-03 00:00:00,34.16,32.66,27.0,135.0
748,2023-07-04 00:00:00,33.52,32.01,26.97,135.0
749,2023-07-05 00:00:00,33.52,32.01,26.97,135.0
750,2023-07-06 00:00:00,33.52,32.01,26.97,135.0
751,2023-07-07 00:00:00,33.52,32.01,26.97,135.0
752,2023-07-08 00:00:00,33.52,32.01,26.97,135.0
753,2023-07-09 00:00:00,33.52,32.01,26.97,135.0
754,2023-07-10 00:00:00,33.51,32.01,26.96,135.0
755,2023-07-11 00:00:00,33.51,32.01,26.96,135.0
756,2023-07-12 00:00:00,33.51,32.01,26.96,135.0
757,2023-07-13 00:00:00,33.51,32.01,26.96,135.0
758,2023-07-14 00:00:00,33.51,32.01,26.96,135.0
759,2023-07-15 00:00:00,33.51,32.01,26.96,135.0
760,2023-07-16 00:00:00,33.51,32.01,26.96,135.0
761,2023-07-17 00:00:00,33.78,32.28,27.47,135.0
762,2023-07-18 00:00:00,33.78,32.28,27.47,135.0
763,2023-07-19 00:00:00,33.78,32.28,27.47,135.0
764,2023-07-20 00:00:00,33.78,32.28,27.47,135.0
765,2023-07-21 00:00:00,33.78,32.28,27.47,135.0
766,2023-07-22 00:00:00,33.78,32.28,27.47,135.0
767,2023-07-23 00:00:00,33.78,32.28,27.47,135.0
768,2023-07-24 00:00:00,34.78,33.28,28.47,135.0
769,2023-07-25 00:00:00,34.78,33.28,28.47,135.0
770,2023-07-26 00:00:00,34.78,33.28,28.47,135.0
771,2023-07-27 00:00:00,34.78,33.28,28.47,135.0
772,2023-07-28 00:00:00,34.78,33.28,28.47,135.0
773,2023-07-29 00:00:00,34.78,33.28,28.47,135.0
774,2023-07-30 00:00:00,34.78,33.28,28.47,135.0
775,2023-07-31 00:00:00,36.28,34.77,29.68,135.0
776,2023-08-01 00:00:00,36.28,34.77,29.68,135.0
777,2023-08-02 00:00:00,36.28,34.77,29.68,135.0
778,2023-08-03 00:00:00,36.28,34.77,29.68,135.0
779,2023-08-04 00:00:00,36.28,34.77,29.68,135.0
780,2023-08-05 00:00:00,36.28,34.77,29.68,135.0
781,2023-08-06 00:00:00,36.28,34.77,29.68,135.0
782,2023-08-07 00:00:00,37.47,35.97,30.97,135.0
783,2023-08-08 00:00:00,37.47,35.97,30.97,135.0
784,2023-08-09 00:00:00,37.47,35.97,30.97,135.0
785,2023-08-10 00:00:00,37.47,35.97,30.97,135.0
786,2023-08-11 00:00:00,37.47,35.97,30.97,135.0
787,2023-08-12 00:00:00,37.47,35.97,30.97,135.0
788,2023-08-13 00:00:00,37.47,35.97,30.97,135.0
789,2023-08-14 00:00:00,37.47,35.97,31.89,135.0
790,2023-08-15 00:00:00,37.47,35.97,31.89,135.0
791,2023-08-16 00:00:00,37.47,35.97,31.89,135.0
792,2023-08-17 00:00:00,37.47,35.97,31.89,135.0
793,2023-08-18 00:00:00,37.47,35.97,31.89,135.0
794,2023-08-19 00:00:00,37.47,35.97,31.89,135.0
795,2023-08-20 00:00:00,37.47,35.97,31.89,135.0
796,2023-08-21 00:00:00,37.47,35.97,31.89,135.0
797,2023-08-22 00:00:00,37.16,35.66,31.65,135.0
798,2023-08-23 00:00:00,37.16,35.66,31.65,135.0
799,2023-08-24 00:00:00,37.16,35.66,31.65,135.0
800,2023-08-25 00:00:00,37.16,35.66,31.65,135.0
801,2023-08-26 00:00:00,37.16,35.66,31.65,135.0
802,2023-08-27 00:00:00,37.16,35.66,31.65,135.0
803,2023-08-28 00:00:00,37.26,35.76,32.9,135.0
804,2023-08-29 00:00:00,37.26,35.76,32.9,135.0
805,2023-08-30 00:00:00,37.26,35.76,32.9,135.0
806,2023-08-31 00:00:00,37.26,35.76,32.9,135.0
807,2023-09-01 00:00:00,37.26,35.76,32.9,135.0
808,2023-09-02 00:00:00,37.26,35.76,32.9,135.0
809,2023-09-03 00:00:00,37.26,35.76,32.9,135.0
810,2023-09-04 00:00:00,37.28,35.77,32.82,135.0
811,2023-09-05 00:00:00,37.28,35.77,32.82,135.0
812,2023-09-06 00:00:00,37.28,35.77,32.82,135.0
813,2023-09-07 00:00:00,37.28,35.77,32.82,135.0
814,2023-09-08 00:00:00,37.28,35.77,32.82,135.0
815,2023-09-09 00:00:00,37.28,35.77,32.82,135.0
816,2023-09-10 00:00:00,37.28,35.77,32.82,135.0
817,2023-09-11 00:00:00,36.91,35.42,32.52,135.0
818,2023-09-12 00:00:00,36.91,35.42,32.52,135.0
819,2023-09-13 00:00:00,36.91,35.42,32.52,135.0
820,2023-09-14 00:00:00,36.91,35.42,32.52,135.0
821,2023-09-15 00:00:00,36.91,35.42,32.52,135.0
822,2023-09-16 00:00:00,36.91,35.42,32.52,135.0
823,2023-09-17 00:00:00,36.91,35.42,32.52,135.0
824,2023-09-18 00:00:00,36.88,35.4,33.91,135.0
825,2023-09-19 00:00:00,36.88,35.4,33.91,135.0
826,2023-09-20 00:00:00,36.88,35.4,33.91,135.0
827,2023-09-21 00:00:00,36.88,35.4,33.91,135.0
828,2023-09-22 00:00:00,36.88,35.4,33.91,135.0
829,2023-09-23 00:00:00,36.88,35.4,33.91,135.0
830,2023-09-24 00:00:00,36.88,35.4,33.91,135.0
831,2023-09-25 00:00:00,37.31,35.82,34.6,135.0
832,2023-09-26 00:00:00,37.31,35.82,34.6,135.0
833,2023-09-27 00:00:00,37.31,35.82,34.6,135.0
834,2023-09-28 00:00:00,37.31,35.82,34.6,135.0
835,2023-09-29 00:00:00,37.31,35.82,34.6,135.0
836,2023-09-30 00:00:00,37.31,35.82,34.6,135.0
837,2023-10-01 00:00:00,37.31,35.82,34.6,135.0
838,2023-10-02 00:00:00,36.62,35.12,34.42,135.0
839,2023-10-03 00:00:00,36.62,35.12,34.42,135.0
840,2023-10-04 00:00:00,36.62,35.12,34.42,135.0
841,2023-10-05 00:00:00,36.62,35.12,34.42,135.0
842,2023-10-06 00:00:00,36.62,35.12,34.42,135.0
843,2023-10-07 00:00:00,36.62,35.12,34.42,135.0
844,2023-10-08 00:00:00,36.62,35.12,34.42,135.0
845,2023-10-09 00:00:00,35.66,34.16,33.96,135.0
846,2023-10-10 00:00:00,35.66,34.16,33.96,135.0
847,2023-10-11 00:00:00,35.66,34.16,33.96,135.0
848,2023-10-12 00:00:00,35.66,34.16,33.96,135.0
849,2023-10-13 00:00:00,35.66,34.16,33.96,135.0
850,2023-10-14 00:00:00,35.66,34.16,33.96,135.0
851,2023-10-15 00:00:00,35.66,34.16,33.96,135.0
852,2023-10-16 00:00:00,35.75,34.25,33.99,135.0
853,2023-10-17 00:00:00,35.75,34.25,33.99,135.0
854,2023-10-18 00:00:00,35.75,34.25,33.99,135.0
855,2023-10-19 00:00:00,35.75,34.25,33.99,135.0
856,2023-10-20 00:00:00,35.75,34.25,33.99,135.0
857,2023-10-21 00:00:00,35.75,34.25,33.99,135.0
858,2023-10-22 00:00:00,35.75,34.25,33.99,135.0
859,2023-10-23 00:00:00,35.33,33.83,33.41,135.0
860,2023-10-24 00:00:00,35.33,33.83,33.41,135.0
861,2023-10-25 00:00:00,35.33,33.83,33.41,135.0
862,2023-10-26 00:00:00,35.33,33.83,33.41,135.0
863,2023-10-27 00:00:00,35.33,33.83,33.41,135.0
864,2023-10-28 00:00:00,35.33,33.83,33.41,135.0
865,2023-10-29 00:00:00,35.33,33.83,33.41,135.0
866,2023-10-30 00:00:00,34.52,32.99,32.8,135.0
867,2023-10-31 00:00:00,34.52,32.99,32.8,135.0
868,2023-11-01 00:00:00,34.52,32.99,32.8,135.0
869,2023-11-02 00:00:00,34.52,32.99,32.8,135.0
870,2023-11-03 00:00:00,34.52,32.99,32.8,135.0
871,2023-11-04 00:00:00,34.52,32.99,32.8,135.0
872,2023-11-05 00:00:00,34.52,32.99,32.8,135.0
873,2023-11-06 00:00:00,32.79,31.28,32.31,135.0
874,2023-11-07 00:00:00,32.79,31.28,32.31,135.0
875,2023-11-08 00:00:00,32.79,31.28,32.31,135.0
876,2023-11-09 00:00:00,32.79,31.28,32.31,135.0
877,2023-11-10 00:00:00,32.79,31.28,32.31,135.0
878,2023-11-11 00:00:00,32.79,31.28,32.31,135.0
879,2023-11-12 00:00:00,32.79,31.28,32.31,135.0
880,2023-11-13 00:00:00,31.34,29.85,31.61,135.0
881,2023-11-14 00:00:00,31.34,29.85,31.61,135.0
882,2023-11-15 00:00:00,31.34,29.85,31.61,135.0
883,2023-11-16 00:00:00,31.34,29.85,31.61,135.0
884,2023-11-17 00:00:00,31.34,29.85,31.61,135.0
885,2023-11-18 00:00:00,31.34,29.85,31.61,135.0
886,2023-11-19 00:00:00,31.34,29.85,31.61,135.0
887,2023-11-20 00:00:00,29.99,28.52,30.58,135.0
888,2023-11-21 00:00:00,29.99,28.52,30.58,135.0
889,2023-11-22 00:00:00,29.99,28.52,30.58,135.0
890,2023-11-23 00:00:00,29.99,28.52,30.58,135.0
891,2023-11-24 00:00:00,29.99,28.52,30.58,135.0
892,2023-11-25 00:00:00,29.99,28.52,30.58,135.0
893,2023-11-26 00:00:00,29.99,28.52,30.58,135.0
894,2023-11-27 00:00:00,29.98,28.49,29.97,135.0
895,2023-11-28 00:00:00,29.98,28.49,29.97,135.0
896,2023-11-29 00:00:00,29.98,28.49,29.97,135.0
897,2023-11-30 00:00:00,29.98,28.49,29.97,135.0
898,2023-12-01 00:00:00,29.98,28.49,29.97,135.0
899,2023-12-02 00:00:00,29.98,28.49,29.97,135.0
900,2023-12-03 00:00:00,29.98,28.49,29.97,135.0
901,2023-12-04 00:00:00,29.98,28.49,29.97,135.0
902,2023-12-05 00:00:00,29.98,28.49,29.97,135.0
903,2023-12-06 00:00:00,29.98,28.49,29.97,135.0
904,2023-12-07 00:00:00,29.98,28.49,29.97,135.0
905,2023-12-08 00:00:00,29.98,28.49,29.97,135.0
906,2023-12-09 00:00:00,29.98,28.49,29.97,135.0
907,2023-12-10 00:00:00,29.98,28.49,29.97,135.0
908,2023-12-11 00:00:00,29.13,27.65,29.11,135.0
909,2023-12-12 00:00:00,29.13,27.65,29.11,135.0
910,2023-12-13 00:00:00,29.13,27.65,29.11,135.0
911,2023-12-14 00:00:00,29.13,27.65,29.11,135.0
912,2023-12-15 00:00:00,29.13,27.65,29.11,135.0
913,2023-12-16 00:00:00,29.13,27.65,29.11,135.0
914,2023-12-17 00:00:00,29.13,27.65,29.11,135.0
915,2023-12-18 00:00:00,28.65,27.15,28.62,115.0
916,2023-12-19 00:00:00,28.65,27.15,28.62,115.0
917,2023-12-20 00:00:00,28.65,27.15,28.62,115.0
918,2023-12-21 00:00:00,28.65,27.15,28.62,115.0
919,2023-12-22 00:00:00,28.65,27.15,28.62,115.0
920,2023-12-23 00:00:00,28.65,27.15,28.62,115.0
921,2023-12-24 00:00:00,28.65,27.15,28.62,115.0
922,2023-12-25 00:00:00,28.65,27.15,28.62,115.0
923,2023-12-26 00:00:00,28.65,27.15,28.62,115.0
924,2023-12-27 00:00:00,30.44,28.95,29.47,115.0
925,2023-12-28 00:00:00,30.44,28.95,29.47,115.0
926,2023-12-29 00:00:00,30.44,28.95,29.47,115.0
927,2023-12-30 00:00:00,30.44,28.95,29.47,115.0
928,2023-12-31 00:00:00,30.44,28.95,29.47,115.0
